Year,Month,NorthHemisphere,SouthHemisphere
1880,Jan,-0.39,-0.01
1881,Jan,-0.31,-0.09
1882,Jan,0.26,0.06
1883,Jan,-0.58,-0.03
1884,Jan,-0.16,-0.09
1885,Jan,-1.0,-0.2
1886,Jan,-0.75,-0.15
1887,Jan,-1.09,-0.37
1888,Jan,-0.49,-0.21
1889,Jan,-0.28,0.08
1890,Jan,-0.64,-0.21
1891,Jan,-0.47,-0.22
1892,Jan,-0.51,-0.09
1893,Jan,-1.51,-0.13
1894,Jan,-0.92,-0.14
1895,Jan,-0.71,-0.13
1896,Jan,-0.38,-0.09
1897,Jan,-0.41,0.09
1898,Jan,0.04,-0.1
1899,Jan,-0.14,-0.2
1900,Jan,-0.63,-0.1
1901,Jan,-0.35,-0.11
1902,Jan,-0.14,-0.19
1903,Jan,-0.24,-0.25
1904,Jan,-0.76,-0.52
1905,Jan,-0.42,-0.28
1906,Jan,-0.56,0.01
1907,Jan,-0.58,-0.28
1908,Jan,-0.54,-0.35
1909,Jan,-0.94,-0.51
1910,Jan,-0.36,-0.5
1911,Jan,-0.7,-0.54
1912,Jan,-0.35,-0.14
1913,Jan,-0.57,-0.25
1914,Jan,0.17,-0.08
1915,Jan,-0.27,-0.13
1916,Jan,-0.1,-0.16
1917,Jan,-0.53,-0.63
1918,Jan,-0.7,-0.27
1919,Jan,-0.39,0.0
1920,Jan,-0.15,-0.33
1921,Jan,0.18,-0.28
1922,Jan,-0.39,-0.28
1923,Jan,-0.17,-0.37
1924,Jan,-0.27,-0.16
1925,Jan,-0.26,-0.5
1926,Jan,0.54,-0.1
1927,Jan,-0.27,-0.25
1928,Jan,0.25,-0.28
1929,Jan,-0.55,-0.33
1930,Jan,-0.11,-0.47
1931,Jan,0.01,-0.18
1932,Jan,0.4,-0.09
1933,Jan,-0.17,-0.27
1934,Jan,-0.12,-0.3
1935,Jan,-0.4,-0.26
1936,Jan,-0.28,-0.26
1937,Jan,0.09,-0.24
1938,Jan,0.35,-0.19
1939,Jan,0.03,-0.15
1940,Jan,-0.1,0.11
1941,Jan,0.18,0.2
1942,Jan,0.4,0.19
1943,Jan,-0.09,0.07
1944,Jan,0.63,0.08
1945,Jan,0.11,0.1
1946,Jan,0.35,-0.03
1947,Jan,-0.04,-0.08
1948,Jan,0.3,-0.18
1949,Jan,0.23,-0.1
1950,Jan,-0.29,-0.24
1951,Jan,-0.36,-0.33
1952,Jan,0.17,0.07
1953,Jan,0.24,-0.08
1954,Jan,-0.24,-0.23
1955,Jan,0.43,-0.17
1956,Jan,-0.04,-0.22
1957,Jan,-0.13,-0.04
1958,Jan,0.69,0.1
1959,Jan,0.24,-0.08
1960,Jan,0.15,-0.15
1961,Jan,0.17,-0.03
1962,Jan,0.28,-0.17
1963,Jan,0.08,-0.14
1964,Jan,-0.04,-0.13
1965,Jan,-0.02,-0.15
1966,Jan,-0.25,-0.12
1967,Jan,-0.18,0.03
1968,Jan,-0.29,-0.24
1969,Jan,-0.43,0.22
1970,Jan,-0.03,0.2
1971,Jan,-0.15,0.09
1972,Jan,-0.54,0.09
1973,Jan,0.15,0.43
1974,Jan,-0.26,0.05
1975,Jan,0.16,0.03
1976,Jan,0.05,-0.12
1977,Jan,-0.16,0.53
1978,Jan,0.16,-0.03
1979,Jan,-0.05,0.22
1980,Jan,0.21,0.38
1981,Jan,0.79,0.25
1982,Jan,-0.14,0.24
1983,Jan,0.55,0.51
1984,Jan,0.33,0.28
1985,Jan,0.07,0.36
1986,Jan,0.36,0.15
1987,Jan,0.24,0.39
1988,Jan,0.59,0.54
1989,Jan,0.08,0.16
1990,Jan,0.47,0.35
1991,Jan,0.59,0.26
1992,Jan,0.61,0.34
1993,Jan,0.39,0.3
1994,Jan,0.34,0.19
1995,Jan,0.75,0.29
1996,Jan,0.27,0.21
1997,Jan,0.36,0.3
1998,Jan,0.62,0.54
1999,Jan,0.59,0.37
2000,Jan,0.38,0.11
2001,Jan,0.56,0.34
2002,Jan,1.01,0.52
2003,Jan,0.92,0.56
2004,Jan,0.66,0.5
2005,Jan,0.94,0.54
2006,Jan,0.64,0.47
2007,Jan,1.45,0.57
2008,Jan,0.33,0.26
2009,Jan,0.82,0.47
2010,Jan,0.8,0.7
2011,Jan,0.61,0.42
2012,Jan,0.64,0.29
2013,Jan,0.85,0.57
2014,Jan,0.97,0.54
2015,Jan,1.19,0.53
2016,Jan,1.55,0.8
2017,Jan,1.38,0.66
2018,Jan,1.13,0.5
2019,Jan,1.19,0.66
2020,Jan,1.58,0.76
2021,Jan,1.25,0.36
2022,Jan,1.24,0.57
2023,Jan,1.29,0.46
2024,Jan,1.66,0.82
1880,Feb,-0.54,0.02
1881,Feb,-0.25,-0.07
1882,Feb,0.21,0.07
1883,Feb,-0.66,-0.09
1884,Feb,-0.11,-0.06
1885,Feb,-0.46,-0.23
1886,Feb,-0.84,-0.2
1887,Feb,-0.71,-0.44
1888,Feb,-0.62,-0.13
1889,Feb,0.28,0.03
1890,Feb,-0.58,-0.33
1891,Feb,-0.68,-0.26
1892,Feb,-0.19,-0.06
1893,Feb,-0.97,-0.18
1894,Feb,-0.43,-0.16
1895,Feb,-0.82,-0.06
1896,Feb,-0.19,-0.07
1897,Feb,-0.43,0.07
1898,Feb,-0.46,-0.16
1899,Feb,-0.65,-0.13
1900,Feb,-0.15,0.03
1901,Feb,-0.11,-0.12
1902,Feb,-0.04,-0.15
1903,Feb,0.1,-0.23
1904,Feb,-0.62,-0.57
1905,Feb,-0.83,-0.36
1906,Feb,-0.52,-0.04
1907,Feb,-0.71,-0.3
1908,Feb,-0.28,-0.38
1909,Feb,-0.46,-0.46
1910,Feb,-0.37,-0.45
1911,Feb,-0.59,-0.57
1912,Feb,-0.17,-0.11
1913,Feb,-0.65,-0.25
1914,Feb,-0.11,-0.09
1915,Feb,-0.09,0.03
1916,Feb,-0.18,-0.13
1917,Feb,-0.69,-0.59
1918,Feb,-0.47,-0.24
1919,Feb,-0.4,-0.05
1920,Feb,-0.29,-0.23
1921,Feb,-0.09,-0.27
1922,Feb,-0.63,-0.25
1923,Feb,-0.47,-0.32
1924,Feb,-0.2,-0.25
1925,Feb,-0.36,-0.43
1926,Feb,0.19,-0.12
1927,Feb,-0.07,-0.27
1928,Feb,0.07,-0.25
1929,Feb,-0.78,-0.36
1930,Feb,-0.18,-0.34
1931,Feb,-0.22,-0.15
1932,Feb,-0.17,-0.15
1933,Feb,-0.29,-0.28
1934,Feb,0.34,-0.4
1935,Feb,0.58,-0.29
1936,Feb,-0.48,-0.24
1937,Feb,0.24,-0.18
1938,Feb,0.29,-0.21
1939,Feb,-0.01,-0.13
1940,Feb,0.14,0.04
1941,Feb,0.47,0.16
1942,Feb,-0.09,0.14
1943,Feb,0.38,-0.04
1944,Feb,0.44,0.05
1945,Feb,-0.06,0.08
1946,Feb,0.09,-0.03
1947,Feb,-0.03,-0.12
1948,Feb,-0.15,-0.14
1949,Feb,-0.09,-0.19
1950,Feb,-0.27,-0.27
1951,Feb,-0.51,-0.32
1952,Feb,0.17,0.06
1953,Feb,0.37,-0.07
1954,Feb,0.0,-0.19
1955,Feb,-0.12,-0.19
1956,Feb,-0.31,-0.17
1957,Feb,-0.05,-0.01
1958,Feb,0.28,0.17
1959,Feb,0.17,-0.02
1960,Feb,0.42,-0.15
1961,Feb,0.29,0.08
1962,Feb,0.36,-0.08
1963,Feb,0.5,-0.14
1964,Feb,-0.02,-0.17
1965,Feb,-0.37,0.02
1966,Feb,0.03,-0.12
1967,Feb,-0.37,-0.04
1968,Feb,-0.16,-0.13
1969,Feb,-0.46,0.12
1970,Feb,0.27,0.17
1971,Feb,-0.21,-0.11
1972,Feb,-0.52,0.17
1973,Feb,0.44,0.21
1974,Feb,-0.35,-0.19
1975,Feb,0.09,0.06
1976,Feb,-0.12,-0.01
1977,Feb,0.11,0.34
1978,Feb,0.04,0.16
1979,Feb,-0.35,0.16
1980,Feb,0.4,0.38
1981,Feb,0.62,0.21
1982,Feb,0.16,0.14
1983,Feb,0.35,0.51
1984,Feb,0.02,0.26
1985,Feb,-0.29,0.22
1986,Feb,0.31,0.42
1987,Feb,0.5,0.36
1988,Feb,0.46,0.43
1989,Feb,0.39,0.19
1990,Feb,0.54,0.33
1991,Feb,0.57,0.42
1992,Feb,0.5,0.3
1993,Feb,0.52,0.21
1994,Feb,-0.04,0.09
1995,Feb,1.19,0.38
1996,Feb,0.54,0.37
1997,Feb,0.6,0.21
1998,Feb,1.04,0.72
1999,Feb,1.0,0.27
2000,Feb,0.89,0.21
2001,Feb,0.46,0.41
2002,Feb,1.14,0.42
2003,Feb,0.56,0.6
2004,Feb,0.91,0.53
2005,Feb,0.71,0.48
2006,Feb,0.95,0.51
2007,Feb,0.89,0.5
2008,Feb,0.58,0.17
2009,Feb,0.69,0.35
2010,Feb,0.94,0.73
2011,Feb,0.56,0.4
2012,Feb,0.58,0.39
2013,Feb,0.78,0.45
2014,Feb,0.71,0.38
2015,Feb,1.18,0.61
2016,Feb,1.93,0.79
2017,Feb,1.5,0.75
2018,Feb,1.23,0.46
2019,Feb,1.11,0.78
2020,Feb,1.69,0.78
2021,Feb,0.95,0.33
2022,Feb,1.16,0.61
2023,Feb,1.29,0.65
2024,Feb,1.93,0.94
1880,Mar,-0.24,0.05
1881,Mar,-0.06,0.09
1882,Mar,0.02,0.07
1883,Mar,-0.15,-0.09
1884,Mar,-0.64,-0.11
1885,Mar,-0.24,-0.3
1886,Mar,-0.71,-0.17
1887,Mar,-0.45,-0.27
1888,Mar,-0.64,-0.21
1889,Mar,-0.02,0.13
1890,Mar,-0.48,-0.34
1891,Mar,-0.17,-0.2
1892,Mar,-0.67,-0.14
1893,Mar,-0.33,-0.12
1894,Mar,-0.22,-0.24
1895,Mar,-0.51,-0.16
1896,Mar,-0.51,-0.04
1897,Mar,-0.41,0.12
1898,Mar,-0.81,-0.23
1899,Mar,-0.6,-0.14
1900,Mar,0.05,-0.05
1901,Mar,0.26,-0.14
1902,Mar,-0.38,-0.17
1903,Mar,-0.18,-0.3
1904,Mar,-0.46,-0.57
1905,Mar,-0.24,-0.2
1906,Mar,-0.2,-0.16
1907,Mar,-0.3,-0.24
1908,Mar,-0.72,-0.39
1909,Mar,-0.67,-0.41
1910,Mar,-0.5,-0.52
1911,Mar,-0.64,-0.58
1912,Mar,-0.61,-0.14
1913,Mar,-0.48,-0.38
1914,Mar,-0.36,-0.12
1915,Mar,-0.24,0.05
1916,Mar,-0.39,-0.17
1917,Mar,-0.75,-0.53
1918,Mar,-0.26,-0.25
1919,Mar,-0.39,-0.03
1920,Mar,0.0,-0.24
1921,Mar,-0.12,-0.36
1922,Mar,-0.11,-0.19
1923,Mar,-0.39,-0.29
1924,Mar,0.02,-0.18
1925,Mar,-0.22,-0.33
1926,Mar,0.38,-0.14
1927,Mar,-0.46,-0.3
1928,Mar,-0.23,-0.26
1929,Mar,-0.18,-0.46
1930,Mar,0.12,-0.33
1931,Mar,-0.05,-0.12
1932,Mar,-0.2,-0.15
1933,Mar,-0.3,-0.27
1934,Mar,-0.26,-0.32
1935,Mar,0.05,-0.31
1936,Mar,-0.11,-0.28
1937,Mar,-0.23,-0.17
1938,Mar,0.34,-0.15
1939,Mar,-0.24,-0.12
1940,Mar,0.03,0.16
1941,Mar,0.13,0.1
1942,Mar,0.0,0.12
1943,Mar,0.0,-0.08
1944,Mar,0.32,0.21
1945,Mar,0.1,0.03
1946,Mar,0.12,-0.09
1947,Mar,0.29,-0.16
1948,Mar,-0.27,-0.21
1949,Mar,0.04,-0.08
1950,Mar,0.06,-0.22
1951,Mar,-0.19,-0.22
1952,Mar,-0.22,0.07
1953,Mar,0.26,-0.02
1954,Mar,-0.17,-0.13
1955,Mar,-0.43,-0.21
1956,Mar,-0.23,-0.19
1957,Mar,-0.1,0.01
1958,Mar,0.16,0.02
1959,Mar,0.33,0.03
1960,Mar,-0.4,-0.29
1961,Mar,0.22,-0.04
1962,Mar,0.3,-0.1
1963,Mar,-0.11,-0.16
1964,Mar,-0.32,-0.1
1965,Mar,-0.1,-0.16
1966,Mar,0.0,0.07
1967,Mar,0.23,-0.14
1968,Mar,0.44,-0.05
1969,Mar,-0.2,0.22
1970,Mar,-0.07,0.19
1971,Mar,-0.28,-0.08
1972,Mar,0.01,0.04
1973,Mar,0.32,0.26
1974,Mar,0.03,-0.14
1975,Mar,0.1,0.14
1976,Mar,-0.31,-0.12
1977,Mar,0.26,0.22
1978,Mar,0.21,0.17
1979,Mar,0.18,0.2
1980,Mar,0.07,0.52
1981,Mar,0.68,0.28
1982,Mar,0.06,0.01
1983,Mar,0.42,0.41
1984,Mar,0.18,0.34
1985,Mar,0.0,0.35
1986,Mar,0.26,0.34
1987,Mar,0.0,0.37
1988,Mar,0.47,0.56
1989,Mar,0.45,0.25
1990,Mar,1.16,0.42
1991,Mar,0.46,0.25
1992,Mar,0.54,0.42
1993,Mar,0.38,0.33
1994,Mar,0.49,0.09
1995,Mar,0.59,0.34
1996,Mar,0.32,0.33
1997,Mar,0.74,0.29
1998,Mar,0.72,0.54
1999,Mar,0.29,0.35
2000,Mar,0.83,0.25
2001,Mar,0.76,0.34
2002,Mar,1.11,0.64
2003,Mar,0.66,0.53
2004,Mar,0.86,0.39
2005,Mar,0.94,0.54
2006,Mar,0.78,0.47
2007,Mar,0.93,0.49
2008,Mar,1.14,0.35
2009,Mar,0.58,0.48
2010,Mar,1.1,0.74
2011,Mar,0.88,0.41
2012,Mar,0.69,0.44
2013,Mar,0.81,0.53
2014,Mar,1.19,0.35
2015,Mar,1.31,0.59
2016,Mar,1.89,0.81
2017,Mar,1.51,0.81
2018,Mar,1.17,0.58
2019,Mar,1.54,0.78
2020,Mar,1.66,0.68
2021,Mar,1.2,0.57
2022,Mar,1.41,0.67
2023,Mar,1.63,0.82
2024,Mar,1.77,1.01
1880,Apr,-0.31,-0.02
1881,Apr,-0.02,0.09
1882,Apr,-0.3,-0.02
1883,Apr,-0.3,-0.07
1884,Apr,-0.59,-0.22
1885,Apr,-0.49,-0.36
1886,Apr,-0.37,-0.2
1887,Apr,-0.39,-0.31
1888,Apr,-0.22,-0.2
1889,Apr,0.16,0.03
1890,Apr,-0.26,-0.35
1891,Apr,-0.36,-0.2
1892,Apr,-0.46,-0.22
1893,Apr,-0.31,-0.24
1894,Apr,-0.55,-0.36
1895,Apr,-0.2,-0.25
1896,Apr,-0.61,-0.01
1897,Apr,-0.06,0.0
1898,Apr,-0.29,-0.34
1899,Apr,-0.23,-0.18
1900,Apr,-0.11,-0.08
1901,Apr,0.1,-0.15
1902,Apr,-0.38,-0.18
1903,Apr,-0.47,-0.36
1904,Apr,-0.51,-0.51
1905,Apr,-0.46,-0.21
1906,Apr,0.04,-0.15
1907,Apr,-0.45,-0.29
1908,Apr,-0.48,-0.4
1909,Apr,-0.66,-0.52
1910,Apr,-0.42,-0.44
1911,Apr,-0.46,-0.62
1912,Apr,-0.17,-0.18
1913,Apr,-0.51,-0.29
1914,Apr,-0.39,-0.19
1915,Apr,0.06,0.06
1916,Apr,-0.35,-0.27
1917,Apr,-0.65,-0.46
1918,Apr,-0.6,-0.3
1919,Apr,-0.24,-0.02
1920,Apr,-0.21,-0.27
1921,Apr,-0.17,-0.43
1922,Apr,-0.16,-0.3
1923,Apr,-0.53,-0.28
1924,Apr,-0.26,-0.33
1925,Apr,-0.16,-0.35
1926,Apr,-0.13,-0.11
1927,Apr,-0.27,-0.34
1928,Apr,-0.31,-0.23
1929,Apr,-0.34,-0.47
1930,Apr,-0.14,-0.33
1931,Apr,-0.19,-0.23
1932,Apr,0.11,-0.21
1933,Apr,-0.16,-0.31
1934,Apr,-0.28,-0.32
1935,Apr,-0.34,-0.38
1936,Apr,-0.04,-0.33
1937,Apr,-0.06,-0.24
1938,Apr,0.32,-0.19
1939,Apr,-0.08,-0.12
1940,Apr,0.28,0.08
1941,Apr,0.13,0.22
1942,Apr,0.09,0.1
1943,Apr,0.31,-0.1
1944,Apr,0.19,0.21
1945,Apr,0.29,0.1
1946,Apr,0.32,-0.2
1947,Apr,0.23,-0.11
1948,Apr,-0.03,-0.21
1949,Apr,-0.03,-0.19
1950,Apr,-0.22,-0.2
1951,Apr,0.07,-0.35
1952,Apr,0.18,-0.1
1953,Apr,0.41,-0.01
1954,Apr,-0.01,-0.27
1955,Apr,-0.24,-0.22
1956,Apr,-0.26,-0.29
1957,Apr,-0.09,0.1
1958,Apr,0.02,0.01
1959,Apr,0.22,0.09
1960,Apr,-0.12,-0.17
1961,Apr,0.14,0.12
1962,Apr,0.22,-0.13
1963,Apr,0.04,-0.18
1964,Apr,-0.3,-0.33
1965,Apr,-0.26,-0.12
1966,Apr,-0.22,-0.04
1967,Apr,0.05,-0.14
1968,Apr,0.0,-0.11
1969,Apr,0.03,0.31
1970,Apr,-0.02,0.13
1971,Apr,-0.2,0.06
1972,Apr,-0.12,0.12
1973,Apr,0.19,0.36
1974,Apr,-0.1,-0.14
1975,Apr,0.05,0.02
1976,Apr,0.02,-0.17
1977,Apr,0.25,0.27
1978,Apr,0.07,0.26
1979,Apr,-0.17,0.47
1980,Apr,0.15,0.45
1981,Apr,0.39,0.25
1982,Apr,0.17,0.13
1983,Apr,0.06,0.49
1984,Apr,-0.07,0.19
1985,Apr,-0.04,0.27
1986,Apr,0.15,0.29
1987,Apr,0.07,0.42
1988,Apr,0.44,0.41
1989,Apr,0.32,0.26
1990,Apr,0.71,0.41
1991,Apr,0.56,0.46
1992,Apr,0.16,0.39
1993,Apr,0.23,0.32
1994,Apr,0.48,0.34
1995,Apr,0.71,0.22
1996,Apr,0.17,0.49
1997,Apr,0.49,0.18
1998,Apr,0.87,0.4
1999,Apr,0.54,0.1
2000,Apr,0.88,0.24
2001,Apr,0.59,0.41
2002,Apr,0.51,0.65
2003,Apr,0.61,0.5
2004,Apr,0.7,0.52
2005,Apr,0.92,0.41
2006,Apr,0.59,0.34
2007,Apr,1.06,0.45
2008,Apr,0.65,0.42
2009,Apr,0.7,0.52
2010,Apr,1.14,0.56
2011,Apr,0.83,0.45
2012,Apr,1.05,0.4
2013,Apr,0.67,0.39
2014,Apr,1.09,0.51
2015,Apr,1.01,0.49
2016,Apr,1.46,0.72
2017,Apr,1.18,0.69
2018,Apr,0.97,0.79
2019,Apr,1.24,0.77
2020,Apr,1.39,0.84
2021,Apr,1.12,0.38
2022,Apr,1.08,0.58
2023,Apr,1.01,0.96
2024,Apr,1.79,0.84
1880,May,-0.06,-0.13
1881,May,0.05,0.08
1882,May,-0.23,-0.04
1883,May,-0.26,-0.1
1884,May,-0.36,-0.32
1885,May,-0.58,-0.33
1886,May,-0.34,-0.15
1887,May,-0.26,-0.35
1888,May,-0.16,-0.29
1889,May,-0.04,0.02
1890,May,-0.36,-0.43
1891,May,-0.16,-0.17
1892,May,-0.24,-0.23
1893,May,-0.44,-0.24
1894,May,-0.27,-0.35
1895,May,-0.31,-0.24
1896,May,-0.18,-0.15
1897,May,0.12,-0.16
1898,May,-0.29,-0.33
1899,May,-0.26,-0.21
1900,May,-0.05,-0.13
1901,May,-0.12,-0.18
1902,May,-0.41,-0.25
1903,May,-0.44,-0.36
1904,May,-0.45,-0.59
1905,May,-0.3,-0.29
1906,May,-0.25,-0.26
1907,May,-0.59,-0.34
1908,May,-0.29,-0.46
1909,May,-0.5,-0.59
1910,May,-0.3,-0.38
1911,May,-0.46,-0.58
1912,May,-0.13,-0.28
1913,May,-0.55,-0.32
1914,May,-0.19,-0.22
1915,May,-0.02,-0.09
1916,May,-0.38,-0.33
1917,May,-0.74,-0.39
1918,May,-0.5,-0.37
1919,May,-0.42,-0.13
1920,May,-0.21,-0.32
1921,May,-0.25,-0.35
1922,May,-0.18,-0.47
1923,May,-0.39,-0.28
1924,May,-0.06,-0.3
1925,May,-0.21,-0.36
1926,May,-0.22,-0.22
1927,May,-0.14,-0.37
1928,May,-0.17,-0.41
1929,May,-0.26,-0.48
1930,May,-0.19,-0.28
1931,May,-0.13,-0.22
1932,May,-0.09,-0.24
1933,May,-0.24,-0.32
1934,May,0.09,-0.27
1935,May,-0.27,-0.29
1936,May,0.01,-0.31
1937,May,0.12,-0.22
1938,May,0.03,-0.22
1939,May,0.01,-0.1
1940,May,0.16,0.07
1941,May,0.23,0.13
1942,May,0.17,0.06
1943,May,0.23,-0.1
1944,May,0.24,0.14
1945,May,0.08,0.04
1946,May,0.03,-0.17
1947,May,0.07,-0.1
1948,May,0.17,-0.18
1949,May,0.0,-0.2
1950,May,-0.05,-0.19
1951,May,0.17,-0.18
1952,May,0.15,-0.19
1953,May,0.25,-0.01
1954,May,-0.07,-0.33
1955,May,-0.13,-0.28
1956,May,-0.3,-0.29
1957,May,-0.06,0.24
1958,May,0.12,0.0
1959,May,0.04,0.04
1960,May,0.03,-0.19
1961,May,0.07,0.17
1962,May,0.02,-0.15
1963,May,-0.05,-0.07
1964,May,-0.1,-0.4
1965,May,-0.14,-0.1
1966,May,-0.05,-0.19
1967,May,0.21,0.04
1968,May,-0.06,-0.22
1969,May,0.11,0.26
1970,May,0.0,-0.06
1971,May,-0.12,0.01
1972,May,-0.15,0.09
1973,May,0.09,0.36
1974,May,-0.19,0.11
1975,May,-0.02,0.32
1976,May,-0.26,-0.15
1977,May,0.23,0.42
1978,May,-0.06,0.24
1979,May,0.01,0.06
1980,May,0.26,0.44
1981,May,0.18,0.3
1982,May,0.09,0.27
1983,May,0.05,0.63
1984,May,0.23,0.42
1985,May,0.09,0.2
1986,May,0.19,0.23
1987,May,0.23,0.29
1988,May,0.43,0.45
1989,May,0.22,0.13
1990,May,0.5,0.41
1991,May,0.33,0.36
1992,May,0.19,0.44
1993,May,0.32,0.26
1994,May,0.39,0.17
1995,May,0.41,0.13
1996,May,0.35,0.2
1997,May,0.42,0.27
1998,May,0.66,0.7
1999,May,0.36,0.16
2000,May,0.54,0.17
2001,May,0.68,0.46
2002,May,0.52,0.77
2003,May,0.71,0.49
2004,May,0.52,0.22
2005,May,0.77,0.49
2006,May,0.76,0.2
2007,May,0.71,0.66
2008,May,0.6,0.39
2009,May,0.65,0.65
2010,May,0.93,0.58
2011,May,0.65,0.41
2012,May,0.96,0.6
2013,May,0.76,0.44
2014,May,0.89,0.83
2015,May,1.04,0.55
2016,May,1.11,0.8
2017,May,0.93,0.9
2018,May,1.0,0.62
2019,May,1.01,0.71
2020,May,1.26,0.73
2021,May,1.04,0.54
2022,May,1.02,0.65
2023,May,1.12,0.76
2024,May,1.44,0.88
1880,Jun,-0.18,-0.25
1881,Jun,-0.34,-0.06
1882,Jun,-0.29,-0.15
1883,Jun,-0.12,-0.02
1884,Jun,-0.42,-0.29
1885,Jun,-0.45,-0.43
1886,Jun,-0.37,-0.32
1887,Jun,-0.22,-0.28
1888,Jun,-0.03,-0.31
1889,Jun,-0.07,-0.13
1890,Jun,-0.16,-0.33
1891,Jun,-0.14,-0.29
1892,Jun,-0.06,-0.38
1893,Jun,-0.19,-0.32
1894,Jun,-0.42,-0.4
1895,Jun,-0.22,-0.21
1896,Jun,0.06,-0.28
1897,Jun,-0.07,-0.16
1898,Jun,-0.1,-0.3
1899,Jun,-0.37,-0.27
1900,Jun,-0.11,-0.08
1901,Jun,0.0,-0.24
1902,Jun,-0.4,-0.22
1903,Jun,-0.47,-0.39
1904,Jun,-0.49,-0.48
1905,Jun,-0.29,-0.27
1906,Jun,-0.12,-0.27
1907,Jun,-0.52,-0.32
1908,Jun,-0.3,-0.46
1909,Jun,-0.52,-0.51
1910,Jun,-0.45,-0.32
1911,Jun,-0.35,-0.66
1912,Jun,-0.15,-0.31
1913,Jun,-0.5,-0.4
1914,Jun,-0.23,-0.27
1915,Jun,-0.13,-0.29
1916,Jun,-0.51,-0.47
1917,Jun,-0.5,-0.38
1918,Jun,-0.46,-0.28
1919,Jun,-0.4,-0.31
1920,Jun,-0.26,-0.44
1921,Jun,-0.14,-0.38
1922,Jun,-0.15,-0.45
1923,Jun,-0.24,-0.33
1924,Jun,-0.19,-0.32
1925,Jun,-0.26,-0.38
1926,Jun,-0.2,-0.29
1927,Jun,-0.14,-0.4
1928,Jun,-0.32,-0.43
1929,Jun,-0.38,-0.46
1930,Jun,-0.11,-0.3
1931,Jun,0.16,-0.28
1932,Jun,-0.13,-0.41
1933,Jun,-0.3,-0.36
1934,Jun,-0.01,-0.27
1935,Jun,-0.14,-0.38
1936,Jun,0.04,-0.47
1937,Jun,0.15,-0.23
1938,Jun,-0.07,-0.28
1939,Jun,0.0,-0.13
1940,Jun,0.17,0.07
1941,Jun,0.21,0.08
1942,Jun,0.1,0.01
1943,Jun,-0.07,-0.04
1944,Jun,0.17,0.17
1945,Jun,0.08,-0.05
1946,Jun,-0.05,-0.37
1947,Jun,0.0,-0.03
1948,Jun,0.05,-0.15
1949,Jun,-0.2,-0.34
1950,Jun,-0.07,-0.05
1951,Jun,-0.02,-0.11
1952,Jun,0.16,-0.22
1953,Jun,0.25,-0.01
1954,Jun,-0.04,-0.34
1955,Jun,-0.1,-0.18
1956,Jun,-0.2,-0.12
1957,Jun,0.12,0.18
1958,Jun,0.05,-0.21
1959,Jun,0.14,-0.07
1960,Jun,0.18,-0.26
1961,Jun,0.18,0.05
1962,Jun,-0.13,0.19
1963,Jun,-0.04,0.14
1964,Jun,-0.09,0.01
1965,Jun,-0.2,0.04
1966,Jun,0.06,-0.04
1967,Jun,-0.06,-0.1
1968,Jun,-0.04,-0.14
1969,Jun,-0.04,0.1
1970,Jun,0.02,-0.06
1971,Jun,-0.14,-0.19
1972,Jun,-0.1,0.18
1973,Jun,0.16,0.21
1974,Jun,-0.18,0.08
1975,Jun,-0.08,0.05
1976,Jun,-0.2,-0.05
1977,Jun,0.22,0.31
1978,Jun,-0.14,0.11
1979,Jun,0.07,0.21
1980,Jun,0.19,0.22
1981,Jun,0.28,0.3
1982,Jun,0.01,0.11
1983,Jun,0.11,0.36
1984,Jun,0.09,-0.03
1985,Jun,0.0,0.29
1986,Jun,0.14,0.1
1987,Jun,0.16,0.53
1988,Jun,0.4,0.4
1989,Jun,0.24,0.06
1990,Jun,0.48,0.27
1991,Jun,0.47,0.58
1992,Jun,0.04,0.47
1993,Jun,0.22,0.24
1994,Jun,0.41,0.45
1995,Jun,0.5,0.36
1996,Jun,0.25,0.26
1997,Jun,0.49,0.6
1998,Jun,0.72,0.82
1999,Jun,0.34,0.37
2000,Jun,0.44,0.35
2001,Jun,0.51,0.53
2002,Jun,0.68,0.38
2003,Jun,0.54,0.42
2004,Jun,0.46,0.41
2005,Jun,0.78,0.51
2006,Jun,0.8,0.51
2007,Jun,0.65,0.57
2008,Jun,0.61,0.37
2009,Jun,0.66,0.62
2010,Jun,0.83,0.53
2011,Jun,0.76,0.48
2012,Jun,0.93,0.35
2013,Jun,0.77,0.61
2014,Jun,0.8,0.55
2015,Jun,1.06,0.58
2016,Jun,1.12,0.5
2017,Jun,0.93,0.5
2018,Jun,0.86,0.67
2019,Jun,1.19,0.62
2020,Jun,1.14,0.69
2021,Jun,1.2,0.48
2022,Jun,1.12,0.71
2023,Jun,1.19,0.98
2024,Jun,1.54,0.95
1880,Jul,-0.22,-0.17
1881,Jul,0.09,-0.08
1882,Jul,-0.28,-0.04
1883,Jul,-0.06,-0.08
1884,Jul,-0.41,-0.22
1885,Jul,-0.34,-0.33
1886,Jul,-0.14,-0.21
1887,Jul,-0.25,-0.27
1888,Jul,-0.01,-0.2
1889,Jul,-0.09,-0.07
1890,Jul,-0.24,-0.32
1891,Jul,-0.13,-0.23
1892,Jul,-0.38,-0.25
1893,Jul,-0.15,-0.14
1894,Jul,-0.21,-0.26
1895,Jul,-0.2,-0.14
1896,Jul,-0.01,-0.04
1897,Jul,0.03,-0.07
1898,Jul,-0.13,-0.33
1899,Jul,-0.18,-0.15
1900,Jul,-0.12,-0.13
1901,Jul,0.0,-0.29
1902,Jul,-0.34,-0.21
1903,Jul,-0.44,-0.27
1904,Jul,-0.6,-0.42
1905,Jul,-0.22,-0.29
1906,Jul,-0.27,-0.18
1907,Jul,-0.42,-0.29
1908,Jul,-0.36,-0.34
1909,Jul,-0.46,-0.45
1910,Jul,-0.38,-0.3
1911,Jul,-0.39,-0.46
1912,Jul,-0.53,-0.31
1913,Jul,-0.52,-0.2
1914,Jul,-0.34,-0.12
1915,Jul,-0.11,-0.13
1916,Jul,-0.35,-0.4
1917,Jul,-0.33,-0.18
1918,Jul,-0.35,-0.28
1919,Jul,-0.34,-0.24
1920,Jul,-0.25,-0.33
1921,Jul,-0.04,-0.25
1922,Jul,-0.28,-0.27
1923,Jul,-0.3,-0.32
1924,Jul,-0.22,-0.34
1925,Jul,-0.26,-0.26
1926,Jul,-0.19,-0.32
1927,Jul,-0.08,-0.28
1928,Jul,-0.11,-0.27
1929,Jul,-0.35,-0.37
1930,Jul,-0.03,-0.36
1931,Jul,0.09,-0.13
1932,Jul,-0.13,-0.33
1933,Jul,-0.13,-0.29
1934,Jul,-0.03,-0.15
1935,Jul,-0.03,-0.37
1936,Jul,0.09,-0.28
1937,Jul,0.15,-0.2
1938,Jul,-0.02,-0.17
1939,Jul,0.05,-0.15
1940,Jul,0.15,0.1
1941,Jul,0.25,0.21
1942,Jul,-0.01,0.01
1943,Jul,-0.02,0.19
1944,Jul,0.15,0.23
1945,Jul,0.07,0.02
1946,Jul,-0.04,-0.21
1947,Jul,-0.03,-0.05
1948,Jul,0.01,-0.23
1949,Jul,-0.11,-0.15
1950,Jul,-0.19,0.0
1951,Jul,0.08,-0.09
1952,Jul,0.14,-0.05
1953,Jul,0.22,-0.18
1954,Jul,-0.11,-0.28
1955,Jul,-0.05,-0.19
1956,Jul,-0.2,0.0
1957,Jul,0.11,-0.06
1958,Jul,0.05,0.05
1959,Jul,0.05,0.01
1960,Jul,0.09,-0.16
1961,Jul,0.06,-0.04
1962,Jul,0.1,-0.06
1963,Jul,0.1,0.02
1964,Jul,-0.13,0.04
1965,Jul,-0.18,-0.08
1966,Jul,0.11,0.05
1967,Jul,0.04,-0.01
1968,Jul,-0.08,-0.17
1969,Jul,0.06,-0.13
1970,Jul,-0.04,0.07
1971,Jul,-0.13,-0.02
1972,Jul,-0.05,0.09
1973,Jul,0.04,0.21
1974,Jul,-0.12,0.06
1975,Jul,-0.06,0.04
1976,Jul,-0.27,0.07
1977,Jul,0.08,0.32
1978,Jul,-0.07,0.15
1979,Jul,0.05,0.03
1980,Jul,0.13,0.3
1981,Jul,0.09,0.54
1982,Jul,0.04,0.24
1983,Jul,0.2,0.18
1984,Jul,0.09,0.3
1985,Jul,-0.08,0.15
1986,Jul,-0.02,0.25
1987,Jul,0.25,0.55
1988,Jul,0.42,0.24
1989,Jul,0.32,0.37
1990,Jul,0.33,0.58
1991,Jul,0.43,0.52
1992,Jul,-0.1,0.27
1993,Jul,0.12,0.38
1994,Jul,0.33,0.27
1995,Jul,0.37,0.54
1996,Jul,0.29,0.44
1997,Jul,0.41,0.28
1998,Jul,0.74,0.58
1999,Jul,0.35,0.41
2000,Jul,0.41,0.36
2001,Jul,0.63,0.55
2002,Jul,0.66,0.57
2003,Jul,0.68,0.48
2004,Jul,0.49,0.04
2005,Jul,0.74,0.48
2006,Jul,0.69,0.4
2007,Jul,0.64,0.54
2008,Jul,0.6,0.6
2009,Jul,0.68,0.79
2010,Jul,0.88,0.38
2011,Jul,0.71,0.68
2012,Jul,0.85,0.33
2013,Jul,0.69,0.51
2014,Jul,0.76,0.41
2015,Jul,0.92,0.56
2016,Jul,1.04,0.65
2017,Jul,0.97,0.66
2018,Jul,0.92,0.74
2019,Jul,1.02,0.84
2020,Jul,1.1,0.68
2021,Jul,1.07,0.76
2022,Jul,1.06,0.81
2023,Jul,1.44,0.95
2024,Jul,1.42,0.99
1880,Aug,-0.26,0.06
1881,Aug,-0.06,-0.02
1882,Aug,-0.15,0.01
1883,Aug,-0.23,-0.05
1884,Aug,-0.52,-0.07
1885,Aug,-0.42,-0.22
1886,Aug,-0.43,-0.19
1887,Aug,-0.56,-0.17
1888,Aug,-0.22,-0.09
1889,Aug,-0.21,-0.2
1890,Aug,-0.4,-0.39
1891,Aug,-0.14,-0.22
1892,Aug,-0.34,-0.21
1893,Aug,-0.35,-0.17
1894,Aug,-0.28,-0.2
1895,Aug,-0.29,-0.06
1896,Aug,-0.13,0.01
1897,Aug,-0.07,-0.11
1898,Aug,-0.19,-0.36
1899,Aug,-0.08,-0.1
1900,Aug,-0.09,-0.07
1901,Aug,-0.17,-0.24
1902,Aug,-0.3,-0.3
1903,Aug,-0.56,-0.35
1904,Aug,-0.55,-0.43
1905,Aug,-0.25,-0.16
1906,Aug,-0.17,-0.23
1907,Aug,-0.4,-0.29
1908,Aug,-0.57,-0.34
1909,Aug,-0.37,-0.32
1910,Aug,-0.4,-0.33
1911,Aug,-0.44,-0.44
1912,Aug,-0.78,-0.29
1913,Aug,-0.48,-0.2
1914,Aug,-0.29,-0.04
1915,Aug,-0.17,-0.27
1916,Aug,-0.38,-0.2
1917,Aug,-0.41,-0.06
1918,Aug,-0.38,-0.26
1919,Aug,-0.31,-0.37
1920,Aug,-0.31,-0.2
1921,Aug,-0.3,-0.22
1922,Aug,-0.37,-0.29
1923,Aug,-0.29,-0.38
1924,Aug,-0.27,-0.45
1925,Aug,-0.2,-0.2
1926,Aug,-0.06,-0.18
1927,Aug,-0.16,-0.3
1928,Aug,-0.19,-0.25
1929,Aug,-0.2,-0.42
1930,Aug,0.02,-0.29
1931,Aug,0.1,-0.15
1932,Aug,-0.06,-0.34
1933,Aug,-0.13,-0.32
1934,Aug,-0.09,-0.13
1935,Aug,-0.06,-0.36
1936,Aug,0.03,-0.28
1937,Aug,0.16,-0.12
1938,Aug,0.08,-0.2
1939,Aug,0.08,-0.18
1940,Aug,0.07,0.09
1941,Aug,0.19,0.13
1942,Aug,-0.08,0.01
1943,Aug,0.1,-0.08
1944,Aug,0.17,0.22
1945,Aug,0.28,0.24
1946,Aug,-0.1,-0.31
1947,Aug,-0.04,-0.1
1948,Aug,0.03,-0.26
1949,Aug,-0.05,-0.21
1950,Aug,-0.2,-0.12
1951,Aug,0.22,-0.1
1952,Aug,0.07,0.02
1953,Aug,0.18,-0.07
1954,Aug,-0.01,-0.34
1955,Aug,0.07,-0.05
1956,Aug,-0.28,-0.24
1957,Aug,0.16,0.14
1958,Aug,0.13,-0.21
1959,Aug,0.1,-0.11
1960,Aug,0.11,-0.07
1961,Aug,0.05,-0.04
1962,Aug,0.03,-0.05
1963,Aug,0.14,0.3
1964,Aug,-0.23,-0.21
1965,Aug,-0.2,0.12
1966,Aug,0.14,-0.3
1967,Aug,0.06,-0.05
1968,Aug,-0.08,-0.09
1969,Aug,0.05,0.03
1970,Aug,-0.05,-0.15
1971,Aug,-0.16,0.14
1972,Aug,-0.09,0.4
1973,Aug,0.03,0.08
1974,Aug,-0.11,0.3
1975,Aug,-0.14,-0.2
1976,Aug,-0.21,-0.03
1977,Aug,0.02,0.33
1978,Aug,-0.14,-0.12
1979,Aug,0.04,0.3
1980,Aug,0.09,0.27
1981,Aug,0.16,0.52
1982,Aug,-0.07,0.14
1983,Aug,0.25,0.46
1984,Aug,0.06,0.33
1985,Aug,-0.02,0.34
1986,Aug,0.04,0.27
1987,Aug,0.27,0.24
1988,Aug,0.26,0.52
1989,Aug,0.26,0.4
1990,Aug,0.41,0.28
1991,Aug,0.35,0.43
1992,Aug,-0.07,0.23
1993,Aug,0.02,0.2
1994,Aug,0.32,0.11
1995,Aug,0.53,0.37
1996,Aug,0.18,0.77
1997,Aug,0.48,0.35
1998,Aug,0.72,0.59
1999,Aug,0.3,0.32
2000,Aug,0.47,0.38
2001,Aug,0.68,0.31
2002,Aug,0.55,0.52
2003,Aug,0.86,0.44
2004,Aug,0.55,0.36
2005,Aug,0.69,0.51
2006,Aug,0.68,0.72
2007,Aug,0.73,0.48
2008,Aug,0.58,0.35
2009,Aug,0.72,0.66
2010,Aug,0.85,0.49
2011,Aug,0.71,0.78
2012,Aug,0.76,0.56
2013,Aug,0.73,0.67
2014,Aug,0.91,0.75
2015,Aug,1.01,0.59
2016,Aug,1.12,0.92
2017,Aug,1.02,0.73
2018,Aug,0.89,0.67
2019,Aug,1.1,0.79
2020,Aug,1.12,0.61
2021,Aug,1.02,0.6
2022,Aug,1.16,0.72
2023,Aug,1.57,0.83
2024,Aug,1.42,1.17
1880,Sep,-0.25,-0.05
1881,Sep,-0.29,-0.04
1882,Sep,-0.25,-0.05
1883,Sep,-0.34,-0.1
1884,Sep,-0.45,-0.11
1885,Sep,-0.4,-0.19
1886,Sep,-0.33,-0.15
1887,Sep,-0.22,-0.3
1888,Sep,-0.2,-0.04
1889,Sep,-0.31,-0.17
1890,Sep,-0.36,-0.38
1891,Sep,-0.09,-0.24
1892,Sep,-0.22,-0.13
1893,Sep,-0.3,-0.16
1894,Sep,-0.33,-0.22
1895,Sep,-0.07,-0.18
1896,Sep,-0.14,-0.01
1897,Sep,-0.07,-0.1
1898,Sep,-0.19,-0.25
1899,Sep,-0.06,-0.05
1900,Sep,-0.04,-0.06
1901,Sep,-0.29,-0.16
1902,Sep,-0.34,-0.23
1903,Sep,-0.5,-0.5
1904,Sep,-0.64,-0.47
1905,Sep,-0.2,-0.17
1906,Sep,-0.25,-0.32
1907,Sep,-0.41,-0.28
1908,Sep,-0.32,-0.41
1909,Sep,-0.38,-0.41
1910,Sep,-0.44,-0.34
1911,Sep,-0.39,-0.44
1912,Sep,-0.81,-0.33
1913,Sep,-0.43,-0.26
1914,Sep,-0.3,-0.03
1915,Sep,-0.22,-0.19
1916,Sep,-0.5,-0.24
1917,Sep,-0.32,-0.16
1918,Sep,-0.26,-0.09
1919,Sep,-0.2,-0.31
1920,Sep,-0.35,-0.08
1921,Sep,-0.19,-0.19
1922,Sep,-0.42,-0.29
1923,Sep,-0.18,-0.43
1924,Sep,-0.23,-0.41
1925,Sep,-0.05,-0.33
1926,Sep,-0.03,-0.23
1927,Sep,0.03,-0.26
1928,Sep,-0.15,-0.26
1929,Sep,-0.21,-0.29
1930,Sep,-0.02,-0.27
1931,Sep,0.18,-0.28
1932,Sep,0.12,-0.29
1933,Sep,-0.27,-0.31
1934,Sep,-0.13,-0.16
1935,Sep,-0.04,-0.34
1936,Sep,0.07,-0.24
1937,Sep,0.28,-0.09
1938,Sep,0.15,-0.15
1939,Sep,0.12,-0.26
1940,Sep,0.26,0.07
1941,Sep,0.1,-0.03
1942,Sep,0.11,-0.16
1943,Sep,0.14,-0.03
1944,Sep,0.36,0.21
1945,Sep,0.2,0.21
1946,Sep,-0.03,-0.12
1947,Sep,-0.01,-0.23
1948,Sep,-0.03,-0.27
1949,Sep,-0.1,-0.19
1950,Sep,-0.09,-0.15
1951,Sep,0.34,-0.21
1952,Sep,0.14,0.0
1953,Sep,0.17,-0.08
1954,Sep,0.09,-0.28
1955,Sep,-0.02,-0.22
1956,Sep,-0.32,-0.08
1957,Sep,0.12,0.05
1958,Sep,0.07,-0.12
1959,Sep,0.13,-0.25
1960,Sep,0.12,0.02
1961,Sep,-0.03,0.19
1962,Sep,-0.02,0.03
1963,Sep,0.13,0.22
1964,Sep,-0.28,-0.31
1965,Sep,-0.2,-0.09
1966,Sep,0.07,-0.12
1967,Sep,-0.02,-0.1
1968,Sep,-0.05,-0.32
1969,Sep,0.04,0.13
1970,Sep,-0.05,0.28
1971,Sep,-0.14,0.03
1972,Sep,-0.26,0.31
1973,Sep,-0.08,0.26
1974,Sep,-0.16,0.0
1975,Sep,-0.08,0.02
1976,Sep,-0.12,-0.01
1977,Sep,0.13,-0.08
1978,Sep,-0.01,0.12
1979,Sep,0.19,0.31
1980,Sep,0.1,0.31
1981,Sep,0.14,0.15
1982,Sep,0.06,0.22
1983,Sep,0.26,0.49
1984,Sep,-0.04,0.46
1985,Sep,0.03,0.23
1986,Sep,-0.02,0.09
1987,Sep,0.39,0.32
1988,Sep,0.26,0.47
1989,Sep,0.23,0.45
1990,Sep,0.42,0.04
1991,Sep,0.35,0.52
1992,Sep,-0.18,0.17
1993,Sep,-0.07,0.29
1994,Sep,0.33,0.29
1995,Sep,0.43,0.24
1996,Sep,0.03,0.46
1997,Sep,0.51,0.54
1998,Sep,0.61,0.24
1999,Sep,0.4,0.36
2000,Sep,0.36,0.41
2001,Sep,0.56,0.47
2002,Sep,0.62,0.64
2003,Sep,0.78,0.47
2004,Sep,0.59,0.4
2005,Sep,0.9,0.53
2006,Sep,0.82,0.5
2007,Sep,0.67,0.52
2008,Sep,0.57,0.64
2009,Sep,0.85,0.59
2010,Sep,0.7,0.57
2011,Sep,0.73,0.39
2012,Sep,0.86,0.59
2013,Sep,0.7,0.82
2014,Sep,0.83,0.91
2015,Sep,1.17,0.53
2016,Sep,1.22,0.59
2017,Sep,0.99,0.51
2018,Sep,0.98,0.63
2019,Sep,1.21,0.64
2020,Sep,1.19,0.74
2021,Sep,1.04,0.79
2022,Sep,1.14,0.62
2023,Sep,1.67,1.29
2024,Sep,1.57,0.96
1880,Oct,-0.31,-0.15
1881,Oct,-0.45,-0.01
1882,Oct,-0.52,0.03
1883,Oct,-0.17,-0.06
1884,Oct,-0.45,-0.07
1885,Oct,-0.37,-0.13
1886,Oct,-0.32,-0.24
1887,Oct,-0.5,-0.22
1888,Oct,-0.04,0.06
1889,Oct,-0.42,-0.1
1890,Oct,-0.11,-0.4
1891,Oct,-0.29,-0.16
1892,Oct,-0.28,-0.01
1893,Oct,-0.29,-0.09
1894,Oct,-0.29,-0.18
1895,Oct,-0.11,-0.12
1896,Oct,0.03,0.09
1897,Oct,-0.17,-0.1
1898,Oct,-0.38,-0.32
1899,Oct,0.03,-0.12
1900,Oct,0.22,-0.02
1901,Oct,-0.33,-0.26
1902,Oct,-0.33,-0.27
1903,Oct,-0.47,-0.48
1904,Oct,-0.4,-0.39
1905,Oct,-0.28,-0.21
1906,Oct,-0.19,-0.24
1907,Oct,-0.21,-0.25
1908,Oct,-0.46,-0.43
1909,Oct,-0.35,-0.46
1910,Oct,-0.32,-0.51
1911,Oct,-0.2,-0.34
1912,Oct,-0.85,-0.29
1913,Oct,-0.4,-0.24
1914,Oct,-0.02,-0.04
1915,Oct,-0.28,-0.21
1916,Oct,-0.36,-0.33
1917,Oct,-0.64,-0.27
1918,Oct,-0.06,-0.06
1919,Oct,-0.1,-0.31
1920,Oct,-0.4,-0.13
1921,Oct,-0.01,-0.05
1922,Oct,-0.31,-0.33
1923,Oct,0.05,-0.32
1924,Oct,-0.24,-0.47
1925,Oct,-0.1,-0.24
1926,Oct,0.06,-0.27
1927,Oct,0.25,-0.24
1928,Oct,-0.09,-0.29
1929,Oct,-0.02,-0.26
1930,Oct,0.03,-0.23
1931,Oct,0.38,-0.24
1932,Oct,0.15,-0.31
1933,Oct,-0.16,-0.32
1934,Oct,0.14,-0.25
1935,Oct,0.13,-0.21
1936,Oct,0.08,-0.12
1937,Oct,0.33,-0.15
1938,Oct,0.31,-0.04
1939,Oct,0.07,-0.15
1940,Oct,0.28,-0.04
1941,Oct,0.5,0.22
1942,Oct,0.28,-0.25
1943,Oct,0.46,0.0
1944,Oct,0.44,0.09
1945,Oct,0.24,0.13
1946,Oct,0.02,-0.17
1947,Oct,0.4,-0.26
1948,Oct,0.08,-0.18
1949,Oct,0.07,-0.2
1950,Oct,-0.06,-0.35
1951,Oct,0.29,-0.11
1952,Oct,-0.01,0.01
1953,Oct,0.27,-0.1
1954,Oct,0.13,-0.18
1955,Oct,0.12,-0.24
1956,Oct,-0.28,-0.19
1957,Oct,0.06,-0.04
1958,Oct,0.08,0.01
1959,Oct,-0.04,-0.1
1960,Oct,0.05,0.06
1961,Oct,-0.04,0.03
1962,Oct,0.13,-0.1
1963,Oct,0.42,-0.12
1964,Oct,-0.31,-0.31
1965,Oct,-0.02,-0.08
1966,Oct,-0.1,-0.23
1967,Oct,0.3,-0.12
1968,Oct,-0.01,0.18
1969,Oct,0.03,0.16
1970,Oct,-0.2,0.25
1971,Oct,-0.16,0.06
1972,Oct,-0.04,0.21
1973,Oct,-0.08,0.27
1974,Oct,-0.23,0.1
1975,Oct,-0.18,-0.06
1976,Oct,-0.51,0.04
1977,Oct,-0.02,0.09
1978,Oct,0.0,0.06
1979,Oct,0.23,0.29
1980,Oct,0.12,0.15
1981,Oct,0.23,0.02
1982,Oct,0.0,0.26
1983,Oct,0.12,0.22
1984,Oct,0.08,0.19
1985,Oct,0.02,0.21
1986,Oct,0.09,0.22
1987,Oct,0.22,0.45
1988,Oct,0.23,0.52
1989,Oct,0.25,0.33
1990,Oct,0.48,0.41
1991,Oct,0.29,0.29
1992,Oct,-0.17,0.29
1993,Oct,0.12,0.34
1994,Oct,0.54,0.31
1995,Oct,0.6,0.35
1996,Oct,0.04,0.42
1997,Oct,0.63,0.6
1998,Oct,0.53,0.3
1999,Oct,0.39,0.28
2000,Oct,0.29,0.25
2001,Oct,0.6,0.41
2002,Oct,0.53,0.55
2003,Oct,0.98,0.48
2004,Oct,0.7,0.52
2005,Oct,0.95,0.56
2006,Oct,0.95,0.45
2007,Oct,0.83,0.34
2008,Oct,0.85,0.5
2009,Oct,0.78,0.53
2010,Oct,0.89,0.53
2011,Oct,0.9,0.41
2012,Oct,0.9,0.69
2013,Oct,0.83,0.56
2014,Oct,0.93,0.68
2015,Oct,1.28,0.89
2016,Oct,1.03,0.73
2017,Oct,1.04,0.74
2018,Oct,1.22,0.8
2019,Oct,1.28,0.7
2020,Oct,1.2,0.54
2021,Oct,1.29,0.68
2022,Oct,1.31,0.61
2023,Oct,1.88,0.82
1880,Nov,-0.44,-0.01
1881,Nov,-0.37,-0.01
1882,Nov,-0.34,-0.02
1883,Nov,-0.45,-0.05
1884,Nov,-0.58,-0.11
1885,Nov,-0.39,-0.12
1886,Nov,-0.41,-0.16
1887,Nov,-0.28,-0.25
1888,Nov,-0.01,0.06
1889,Nov,-0.62,-0.06
1890,Nov,-0.63,-0.25
1891,Nov,-0.54,-0.11
1892,Nov,-0.83,-0.03
1893,Nov,-0.34,-0.04
1894,Nov,-0.49,-0.04
1895,Nov,-0.14,-0.21
1896,Nov,-0.22,0.12
1897,Nov,-0.27,-0.1
1898,Nov,-0.52,-0.26
1899,Nov,0.34,-0.09
1900,Nov,-0.13,0.01
1901,Nov,-0.2,-0.13
1902,Nov,-0.48,-0.26
1903,Nov,-0.42,-0.44
1904,Nov,-0.1,-0.26
1905,Nov,0.08,-0.21
1906,Nov,-0.4,-0.36
1907,Nov,-0.57,-0.36
1908,Nov,-0.64,-0.41
1909,Nov,-0.12,-0.53
1910,Nov,-0.62,-0.53
1911,Nov,-0.21,-0.23
1912,Nov,-0.52,-0.25
1913,Nov,-0.16,-0.24
1914,Nov,-0.23,-0.07
1915,Nov,-0.04,-0.23
1916,Nov,-0.47,-0.48
1917,Nov,-0.33,-0.36
1918,Nov,-0.23,0.02
1919,Nov,-0.48,-0.35
1920,Nov,-0.46,-0.08
1921,Nov,-0.12,-0.17
1922,Nov,-0.13,-0.17
1923,Nov,0.15,-0.19
1924,Nov,0.12,-0.53
1925,Nov,0.23,-0.11
1926,Nov,0.17,-0.28
1927,Nov,0.11,-0.19
1928,Nov,0.03,-0.22
1929,Nov,-0.02,-0.18
1930,Nov,0.44,-0.07
1931,Nov,0.27,-0.36
1932,Nov,-0.31,-0.21
1933,Nov,-0.23,-0.38
1934,Nov,0.28,-0.2
1935,Nov,-0.3,-0.18
1936,Nov,0.15,-0.12
1937,Nov,0.24,-0.07
1938,Nov,0.31,-0.17
1939,Nov,0.25,-0.1
1940,Nov,0.3,0.06
1941,Nov,0.18,0.29
1942,Nov,0.26,-0.09
1943,Nov,0.36,0.03
1944,Nov,0.19,0.03
1945,Nov,0.09,0.07
1946,Nov,0.07,-0.18
1947,Nov,0.19,-0.15
1948,Nov,0.03,-0.28
1949,Nov,0.05,-0.25
1950,Nov,-0.34,-0.35
1951,Nov,0.08,-0.08
1952,Nov,-0.21,-0.05
1953,Nov,0.09,-0.12
1954,Nov,0.34,-0.2
1955,Nov,-0.34,-0.19
1956,Nov,-0.26,-0.05
1957,Nov,0.12,0.04
1958,Nov,0.03,0.03
1959,Nov,0.03,-0.18
1960,Nov,-0.08,-0.14
1961,Nov,0.08,-0.01
1962,Nov,0.12,0.0
1963,Nov,0.43,-0.12
1964,Nov,-0.21,-0.21
1965,Nov,0.04,-0.15
1966,Nov,0.02,-0.03
1967,Nov,0.04,-0.14
1968,Nov,-0.22,0.12
1969,Nov,0.15,0.1
1970,Nov,0.01,0.02
1971,Nov,-0.02,-0.13
1972,Nov,-0.2,0.25
1973,Nov,-0.1,0.18
1974,Nov,-0.21,0.05
1975,Nov,-0.3,-0.05
1976,Nov,-0.32,0.21
1977,Nov,0.27,0.06
1978,Nov,0.16,0.11
1979,Nov,0.24,0.32
1980,Nov,0.2,0.38
1981,Nov,0.35,0.11
1982,Nov,-0.11,0.46
1983,Nov,0.49,0.12
1984,Nov,-0.1,0.23
1985,Nov,0.02,0.08
1986,Nov,0.04,0.17
1987,Nov,0.1,0.49
1988,Nov,0.06,0.19
1989,Nov,0.11,0.28
1990,Nov,0.46,0.47
1991,Nov,0.32,0.27
1992,Nov,-0.09,0.14
1993,Nov,-0.21,0.29
1994,Nov,0.5,0.39
1995,Nov,0.57,0.31
1996,Nov,0.35,0.41
1997,Nov,0.59,0.71
1998,Nov,0.49,0.37
1999,Nov,0.53,0.2
2000,Nov,0.19,0.4
2001,Nov,0.97,0.46
2002,Nov,0.78,0.4
2003,Nov,0.66,0.41
2004,Nov,0.98,0.48
2005,Nov,1.05,0.41
2006,Nov,0.94,0.53
2007,Nov,0.81,0.35
2008,Nov,0.96,0.41
2009,Nov,0.84,0.75
2010,Nov,1.2,0.42
2011,Nov,0.65,0.51
2012,Nov,0.97,0.6
2013,Nov,1.12,0.54
2014,Nov,0.81,0.53
2015,Nov,1.37,0.76
2016,Nov,1.11,0.72
2017,Nov,1.22,0.54
2018,Nov,0.97,0.7
2019,Nov,1.18,0.81
2020,Nov,1.58,0.62
2021,Nov,1.29,0.57
2022,Nov,1.09,0.38
2023,Nov,1.97,0.87
1880,Dec,-0.43,0.05
1881,Dec,-0.23,0.09
1882,Dec,-0.69,-0.08
1883,Dec,-0.15,-0.06
1884,Dec,-0.47,-0.16
1885,Dec,-0.12,-0.1
1886,Dec,-0.23,-0.29
1887,Dec,-0.43,-0.23
1888,Dec,-0.24,0.15
1889,Dec,-0.55,-0.04
1890,Dec,-0.48,-0.17
1891,Dec,-0.03,-0.06
1892,Dec,-0.68,-0.12
1893,Dec,-0.62,-0.03
1894,Dec,-0.37,-0.07
1895,Dec,-0.24,-0.05
1896,Dec,-0.23,0.12
1897,Dec,-0.3,-0.13
1898,Dec,-0.28,-0.21
1899,Dec,-0.47,-0.06
1900,Dec,-0.03,-0.1
1901,Dec,-0.41,-0.14
1902,Dec,-0.61,-0.23
1903,Dec,-0.58,-0.46
1904,Dec,-0.35,-0.32
1905,Dec,-0.18,-0.08
1906,Dec,0.03,-0.34
1907,Dec,-0.59,-0.35
1908,Dec,-0.56,-0.43
1909,Dec,-0.58,-0.55
1910,Dec,-0.82,-0.53
1911,Dec,-0.3,-0.11
1912,Dec,-0.58,-0.29
1913,Dec,0.1,-0.14
1914,Dec,-0.06,-0.02
1915,Dec,-0.25,-0.18
1916,Dec,-1.14,-0.52
1917,Dec,-1.07,-0.29
1918,Dec,-0.57,0.0
1919,Dec,-0.56,-0.28
1920,Dec,-0.72,-0.21
1921,Dec,-0.13,-0.22
1922,Dec,-0.16,-0.24
1923,Dec,0.11,-0.17
1924,Dec,-0.37,-0.51
1925,Dec,0.23,-0.08
1926,Dec,-0.3,-0.28
1927,Dec,-0.37,-0.26
1928,Dec,-0.04,-0.29
1929,Dec,-0.66,-0.41
1930,Dec,0.09,-0.17
1931,Dec,0.11,-0.19
1932,Dec,-0.21,-0.3
1933,Dec,-0.53,-0.35
1934,Dec,0.17,-0.22
1935,Dec,-0.16,-0.16
1936,Dec,0.15,-0.17
1937,Dec,-0.01,-0.14
1938,Dec,-0.13,-0.13
1939,Dec,0.77,0.09
1940,Dec,0.36,0.29
1941,Dec,0.19,0.26
1942,Dec,0.27,-0.04
1943,Dec,0.38,0.08
1944,Dec,0.0,0.09
1945,Dec,-0.21,0.08
1946,Dec,-0.45,-0.15
1947,Dec,-0.05,-0.22
1948,Dec,-0.39,-0.08
1949,Dec,-0.14,-0.22
1950,Dec,-0.13,-0.32
1951,Dec,0.38,-0.06
1952,Dec,0.01,-0.03
1953,Dec,0.23,-0.11
1954,Dec,-0.11,-0.26
1955,Dec,-0.28,-0.29
1956,Dec,-0.11,-0.03
1957,Dec,0.24,0.06
1958,Dec,0.18,-0.15
1959,Dec,0.1,-0.1
1960,Dec,0.39,-0.02
1961,Dec,-0.17,-0.16
1962,Dec,0.1,-0.15
1963,Dec,0.03,-0.08
1964,Dec,-0.27,-0.33
1965,Dec,-0.08,-0.06
1966,Dec,-0.03,-0.02
1967,Dec,0.02,-0.12
1968,Dec,-0.33,0.05
1969,Dec,0.31,0.18
1970,Dec,-0.31,0.06
1971,Dec,-0.14,-0.04
1972,Dec,-0.04,0.41
1973,Dec,-0.04,-0.1
1974,Dec,-0.27,0.09
1975,Dec,-0.22,-0.13
1976,Dec,-0.26,0.47
1977,Dec,0.02,0.05
1978,Dec,0.02,0.14
1979,Dec,0.54,0.41
1980,Dec,0.09,0.34
1981,Dec,0.54,0.28
1982,Dec,0.38,0.47
1983,Dec,0.11,0.22
1984,Dec,-0.42,0.33
1985,Dec,0.16,0.12
1986,Dec,0.06,0.21
1987,Dec,0.5,0.43
1988,Dec,0.42,0.15
1989,Dec,0.33,0.4
1990,Dec,0.38,0.43
1991,Dec,0.2,0.43
1992,Dec,0.21,0.22
1993,Dec,0.22,0.15
1994,Dec,0.36,0.42
1995,Dec,0.26,0.26
1996,Dec,0.35,0.39
1997,Dec,0.51,0.68
1998,Dec,0.74,0.35
1999,Dec,0.66,0.15
2000,Dec,0.27,0.29
2001,Dec,0.65,0.46
2002,Dec,0.42,0.47
2003,Dec,0.98,0.52
2004,Dec,0.44,0.57
2005,Dec,0.83,0.52
2006,Dec,1.15,0.43
2007,Dec,0.77,0.21
2008,Dec,0.65,0.43
2009,Dec,0.67,0.68
2010,Dec,0.51,0.39
2011,Dec,0.86,0.32
2012,Dec,0.45,0.61
2013,Dec,0.84,0.55
2014,Dec,1.1,0.47
2015,Dec,1.53,0.81
2016,Dec,1.03,0.69
2017,Dec,1.37,0.49
2018,Dec,1.09,0.76
2019,Dec,1.4,0.83
2020,Dec,1.18,0.4
2021,Dec,1.16,0.58
2022,Dec,1.06,0.53
2023,Dec,1.85,0.87
